2,60756,funny,1445714994
49,109487,sci-fi,1493093332
62,410,dark comedy,1525636610
62,2124,quirky,1525636846
62,2953,funny,1525636885
62,3114,Disney,1525636902
62,3114,funny,1525636913
62,5388,atmospheric,1530310959
62,6541,superhero,1525554051
62,27660,sci-fi,1525554491
62,27706,dark comedy,1526248598
62,27706,quirky,1526248553
62,34150,superhero,1525553977
62,46976,surreal,1536874662
62,60756,funny,1528934381
62,68848,funny,1527274322
62,71535,dark comedy,1529777189
62,71535,funny,1529777194
62,87430,superhero,1525555181
62,88405,funny,1525554868
62,99114,funny,1526078778
62,103042,superhero,1525555319
62,116897,dark comedy,1528152859
62,119141,funny,1525555129
62,135536,superhero,1525555103
62,136864,superhero,1525555243
62,179401,funny,1528934536
62,183611,funny,1526244688
76,260,sci-fi,1439165588
119,101142,funny,1436563067
125,2387,dark comedy,1474382225
125,7254,sci-fi,1474381448
125,8957,suspense,1474381994
184,3793,superhero,1537094354
184,4226,psychology,1537094448
184,5388,atmospheric,1537094680
184,5388,thought-provoking,1537094685
184,6283,sci-fi,1537094503
184,27156,psychology,1537094263
193,4878,atmospheric,1435857150
193,4878,surreal,1435857128
193,7147,surreal,1435857020
193,7361,thought-provoking,1435857163
193,97938,surreal,1435857076
205,260,sci-fi,1519899078
256,126548,funny,1447532592
300,6711,atmospheric,1425352343
318,778,dark comedy,1266408707
318,82459,atmospheric,1300485463
319,364,Disney,1461351898
336,153,superhero,1139045840
356,61323,dark comedy,1228073481
357,39,funny,1348627869
357,2762,Atmospheric,1348626902
357,48516,suspense,1348627152
357,91529,superhero,1348626790
424,50,suspense,1457842315
424,223,quirky,1457844073
424,260,sci-fi,1457900766
424,288,dark comedy,1457846180
424,527,thought-provoking,1457901041
424,541,sci-fi,1457900918
424,589,sci-fi,1457844847
424,589,Suspense,1457844864
424,608,dark comedy,1457900870
424,628,psychology,1457843776
424,628,suspense,1457843782
424,628,thought-provoking,1457843780
424,1200,sci-fi,1457901245
424,1200,suspense,1457901256
424,1219,psychology,1457902459
424,1240,Sci-Fi,1457901302
424,1258,atmospheric,1457843344
424,1258,suspense,1457843361
424,1625,suspense,1457845258
424,2160,Atmospheric,1457843300
424,2160,suspense,1457843308
424,2329,thought-provoking,1457843729
424,2571,sci-fi,1457842899
424,2959,dark comedy,1457842797
424,2959,psychology,1457842802
424,2959,thought-provoking,1457842786
424,3176,psychology,1457845023
424,3176,suspense,1457845041
424,3186,psychology,1457845994
424,3527,sci-fi,1457901285
424,8950,psychology,1457842844
424,48516,atmospheric,1457843188
424,48516,suspense,1457843184
424,60756,funny,1457846127
424,66097,Surreal,1457844481
424,74458,thought-provoking,1457843122
424,79132,sci-fi,1457844903
424,79132,thought-provoking,1457844920
424,81591,atmospheric,1457845658
424,81591,surreal,1457845661
424,104879,atmospheric,1457846366
424,109487,sci-fi,1457901808
424,112515,atmospheric,1457843258
435,750,dark comedy,1366676044
435,2959,dark comedy,1366676088
435,58559,psychology,1366676040
435,58559,superhero,1366676054
474,28,In Netflix queue,1137201942
474,40,In Netflix queue,1137202107
474,153,superhero,1137375453
474,162,In Netflix queue,1137202038
474,224,psychology,1138137516
474,232,In Netflix queue,1137201027
474,279,In Netflix queue,1137202159
474,290,In Netflix queue,1137201907
474,326,In Netflix queue,1137201797
474,363,In Netflix queue,1137202123
474,364,Disney,1137180959
474,531,In Netflix queue,1137201896
474,588,Disney,1137180971
474,592,superhero,1137206164
474,594,Disney,1137375648
474,595,Disney,1137180963
474,596,Disney,1137374224
474,616,Disney,1138040401
474,728,In Netflix queue,1137202096
474,800,In Netflix queue,1137201974
474,1010,Disney,1137375809
474,1022,Disney,1137181749
474,1025,Disney,1137375959
474,1028,Disney,1137375815
474,1029,Disney,1137375741
474,1030,Disney,1137374219
474,1032,Disney,1137374073
474,1033,Disney,1137202900
474,1041,In Netflix queue,1137201463
474,1080,religion,1137375841
474,1147,In Netflix queue,1137201093
474,1185,In Netflix queue,1137201055
474,1189,In Netflix queue,1137201133
474,1277,In Netflix queue,1137201859
474,1280,In Netflix queue,1137201087
474,1282,Disney,1137375752
474,1354,religion,1137202850
474,1361,In Netflix queue,1137201059
474,1363,religion,1137374986
474,1377,superhero,1137374089
474,1423,In Netflix queue,1137202085
474,1446,In Netflix queue,1137201854
474,1542,In Netflix queue,1137202048
474,1672,In Netflix queue,1137202154
474,1797,In Netflix queue,1137201971
474,1893,In Netflix queue,1137201105
474,1900,In Netflix queue,1137201889
474,1942,In Netflix queue,1137201047
474,2054,Disney,1138032013
474,2065,In Netflix queue,1137202057
474,2071,In Netflix queue,1137200442
474,2078,Disney,1138032023
474,2080,Disney,1138032086
474,2085,Disney,1137191781
474,2351,In Netflix queue,1137202131
474,2360,In Netflix queue,1137201464
474,2390,In Netflix queue,1137202019
474,2442,In Netflix queue,1137201903
474,2467,religion,1140703344
474,2640,superhero,1138032200
474,2641,superhero,1138032201
474,2642,superhero,1137373986
474,2648,In Netflix queue,1137200966
474,2677,In Netflix queue,1137202023
474,2723,superhero,1137205533
474,2905,In Netflix queue,1137201967
474,2939,In Netflix queue,1137202140
474,3007,In Netflix queue,1137201930
474,3052,religion,1137191859
474,3060,In Netflix queue,1137201892
474,3077,In Netflix queue,1137201542
474,3192,In Netflix queue,1137201464
474,3250,In Netflix queue,1137202163
474,3338,In Netflix queue,1137201680
474,3456,In Netflix queue,1137201463
474,3469,religion,1137375171
474,3498,In Netflix queue,1137201900
474,3507,In Netflix queue,1137200453
474,3559,In Netflix queue,1137202015
474,3566,religion,1137205342
474,3676,In Netflix queue,1137202167
474,3793,superhero,1137205670
474,3859,In Netflix queue,1137201554
474,3877,superhero,1137374791
474,3951,In Netflix queue,1137179732
474,3994,superhero,1137205619
474,4117,In Netflix queue,1137200919
474,4174,In Netflix queue,1137200882
474,4189,religion,1137375121
474,4190,religion,1137520919
474,4194,In Netflix queue,1137201575
474,4218,In Netflix queue,1137202093
474,4312,In Netflix queue,1137202173
474,4356,In Netflix queue,1137201794
474,4404,In Netflix queue,1137200537
474,4688,In Netflix queue,1137201126
474,4920,psychology,1138039319
474,4969,In Netflix queue,1137179563
474,5120,In Netflix queue,1137200871
474,5213,religion,1137373958
474,5224,In Netflix queue,1137201464
474,5238,In Netflix queue,1137202052
474,5291,In Netflix queue,1137200907
474,5294,religion,1138039177
474,5304,In Netflix queue,1137200961
474,5349,superhero,1137206068
474,5475,In Netflix queue,1137201978
474,5498,In Netflix queue,1137179781
474,5721,In Netflix queue,1137200976
474,6027,In Netflix queue,1137200848
474,6041,In Netflix queue,1137200888
474,6228,In Netflix queue,1137201613
474,6244,In Netflix queue,1137201921
474,6333,superhero,1137205082
474,6373,religion,1137375076
474,6375,In Netflix queue,1137200486
474,6377,Disney,1138039593
474,6452,In Netflix queue,1137201737
474,6466,In Netflix queue,1137202027
474,6516,In Netflix queue,1137202127
474,6591,religion,1138039719
474,6668,In Netflix queue,1137179689
474,6713,In Netflix queue,1137201914
474,6724,In Netflix queue,1137201684
474,6768,religion,1138039714
474,6786,In Netflix queue,1137201845
474,6981,religion,1138039909
474,7023,In Netflix queue,1137179697
474,7025,In Netflix queue,1137179593
474,7069,In Netflix queue,1137201628
474,7071,In Netflix queue,1137201154
474,7088,In Netflix queue,1137202031
474,7141,In Netflix queue,1137201569
474,7218,In Netflix queue,1137179905
474,7301,religion,1137521429
474,7318,religion,1138039757
474,7618,In Netflix queue,1137201648
474,7700,In Netflix queue,1137201116
474,7748,In Netflix queue,1137202002
474,7792,In Netflix queue,1137200939
474,7924,In Netflix queue,1137201677
474,7926,In Netflix queue,1137179753
474,7934,psychology,1138040275
474,8014,In Netflix queue,1137200544
474,8033,In Netflix queue,1137200492
474,8094,In Netflix queue,1137179631
474,8183,In Netflix queue,1137201001
474,8190,In Netflix queue,1137201864
474,8197,In Netflix queue,1137202144
474,8275,In Netflix queue,1137201789
474,8338,religion,1138039973
474,8366,religion,1138040220
474,8379,In Netflix queue,1137200899
474,8580,In Netflix queue,1137201021
474,8607,In Netflix queue,1137201077
474,8609,In Netflix queue,1137179727
474,8765,In Netflix queue,1137179707
474,8784,psychology,1138040105
474,8838,In Netflix queue,1137179758
474,8938,psychology,1138040262
474,8950,psychology,1138040138
474,8961,Disney,1138040115
474,8961,superhero,1138040115
474,8998,In Netflix queue,1137179738
474,25855,In Netflix queue,1137179637
474,25865,In Netflix queue,1137201652
474,25952,In Netflix queue,1137179713
474,26131,In Netflix queue,1137200982
474,26242,In Netflix queue,1137179570
474,26776,In Netflix queue,1137179786
474,27731,In Netflix queue,1137201122
474,27741,In Netflix queue,1137179587
474,27790,religion,1138040326
474,31658,In Netflix queue,1137201531
474,31923,In Netflix queue,1137200865
474,32160,In Netflix queue,1137179674
474,32371,In Netflix queue,1137202044
474,34437,In Netflix queue,1137179720
474,34482,In Netflix queue,1137202180
474,35015,In Netflix queue,1137202200
474,36535,In Netflix queue,1137201162
474,37240,In Netflix queue,1138804230
474,37733,In Netflix queue,1137200955
474,38061,In Netflix queue,1137179624
474,39234,In Netflix queue,1137202089
474,39292,In Netflix queue,1137201595
474,40583,In Netflix queue,1137200527
474,40629,In Netflix queue,1137179797
474,41997,In Netflix queue,1137179603
474,42002,In Netflix queue,1137202150
474,42740,In Netflix queue,1138804237
477,541,atmospheric,1262795768
477,593,psychology,1241396367
477,593,suspense,1241396389
477,750,dark comedy,1242494953
477,903,Atmospheric,1242577135
477,1089,religion,1242494896
477,1196,sci-fi,1262795797
477,3000,atmospheric,1241396434
477,3000,surreal,1241396422
477,3527,sci-fi,1269832609
477,3994,atmospheric,1241396301
477,4725,psychology,1252820170
477,4725,suspense,1252820168
477,4878,psychology,1242494469
477,4878,thought-provoking,1242494462
477,7361,surreal,1256051041
477,8783,Atmospheric,1242580424
477,56174,religion,1262795669
477,57669,dark comedy,1269832559
477,61323,dark comedy,1269832488
477,62336,surreal,1282924617
477,68237,Sci-fi,1252898620
477,68358,sci-fi,1262795933
477,68791,sci-fi,1262795871
477,69757,Funny,1279956141
477,69757,quirky,1279956145
477,72998,sci-fi,1262707551
477,79132,surreal,1280608178
487,112552,suspense,1429347541
537,3949,psychology,1424141551
537,69122,funny,1424140317
537,72998,thought-provoking,1424140286
537,79132,psychology,1424140162
537,79132,suspense,1424140144
537,79132,thought-provoking,1424140130
537,89745,superhero,1424140571
537,90439,suspense,1424141005
537,105504,suspense,1424141149
567,101,quirky,1525287214
567,541,atmospheric,1525286590
567,750,dark comedy,1525287724
567,750,Quirky,1525287729
567,1203,thought-provoking,1525283607
567,1237,atmospheric,1525286526
567,1260,atmospheric,1525285649
567,1653,thought-provoking,1525287118
567,1916,quirky,1525282930
567,1921,atmospheric,1525287273
567,1921,surreal,1525287281
567,2138,atmospheric,1525283760
567,3266,dark comedy,1525282995
567,3676,Atmospheric,1525282843
567,3676,surreal,1525282828
567,3994,atmospheric,1525285498
567,4144,atmospheric,1525283524
567,4552,atmospheric,1525285874
567,4552,surreal,1525285865
567,4878,atmospheric,1525282581
567,4878,quirky,1525282588
567,4878,surreal,1525282571
567,4878,thought-provoking,1525282573
567,5673,quirky,1525282629
567,5673,surreal,1525282654
567,6818,atmospheric,1525282332
567,7024,thought-provoking,1525283979
567,7361,atmospheric,1525282731
567,7361,quirky,1525282687
567,7361,surreal,1525282704
567,7361,thought-provoking,1525282689
567,25771,surreal,1525282464
567,27773,surreal,1525283313
567,30810,quirky,1525284031
567,48394,atmospheric,1525286824
567,48780,atmospheric,1525286470
567,56782,atmospheric,1525283248
567,57502,surreal,1525285558
567,58301,thought-provoking,1525283367
567,71899,dark comedy,1525283033
567,71899,quirky,1525283048
567,74791,surreal,1525286112
567,79132,thought-provoking,1525287380
567,94959,quirky,1525286360
567,99764,surreal,1525282456
567,99917,atmospheric,1525286652
567,104875,quirky,1525285913
567,105504,suspense,1525286930
567,106766,atmospheric,1525283920
567,106766,funny,1525283917
567,108932,quirky,1525283678
567,109487,thought-provoking,1525287567
567,112421,quirky,1525283419
567,112852,funny,1525285382
567,114627,atmospheric,1525286623
567,122916,quirky,1525285291
567,134170,funny,1525283492
567,139644,atmospheric,1525286568
567,143367,thought-provoking,1525283155
567,148626,funny,1525287708
567,148881,surreal,1525282422
567,152077,suspense,1525287443
567,155288,suspense,1525286165
567,155288,thought-provoking,1525286163
567,156605,quirky,1525283453
567,164179,thought-provoking,1525285688
567,167746,funny,1525285825
567,176371,atmospheric,1525283076
567,180031,atmospheric,1525284150
573,4446,sci-fi,1186588886
599,293,quirky,1498456135
599,296,atmospheric,1498456376
599,296,dark comedy,1498456339
599,296,funny,1498456383
599,296,quirky,1498456364
599,296,suspense,1498456680
599,296,thought-provoking,1498456638
599,924,atmospheric,1498456757
599,924,sci-fi,1498456751
599,924,surreal,1498456763
599,1732,dark comedy,1498456258
599,1732,funny,1498456291
599,1732,quirky,1498456263
599,2959,atmospheric,1498456906
599,2959,dark comedy,1498456891
599,2959,psychology,1498456890
599,2959,quirky,1498456918
599,2959,surreal,1498456900
599,2959,thought-provoking,1498456901
